Workbook

Sheet LEAD
B2: XBRL CoE Checklist
B3: ※ XBRL Checklist 결과는 참고 목적으로 제공드리는 내역으로, 텍사노미 구조와 관련된 리뷰는 CoE 업무 Scope에 포함되지 않습니다.
B11: ="Total"&" : "&SUM(N14:N52) -> Total : 0 | C11: 개 항목이 추출되었습니다.
B13: # | C13: 항목 | D13: 세부내역 | N13: 검출항목
B14: 1 | C14: 특정요소 사용검토 | D14: • 총액계정 사용 검토 | N14: ='Checklist_1-1'!B11 -> 0
D15: • 초과적립액(과소적립액) | N15: ='Checklist_1-2'!B11 -> 0
D16: • 재고자산 세부내역 표 | N16: ='Checklist_1-3'!B11 -> 0
D17: • 유동/비유동 축 | N17: ='Checklist_1-4'!B11 -> 0
B18: 2 | C18: 택사노미 검토 | D18: • 금융자산의 대손충당금 (만료 텍사노미 검토) | N18: ='Checklist_2-1'!B11 -> 0
D19: • 금융자산의 손상차손 축 (만료 텍사노미 검토) | N19: ='Checklist_2-2'!B11 -> 0
D20: • 대출약정금액 텍사노미 검토 | N20: ='Checklist_2-3'!B11 -> 0
D21: • 미착품 택사노미 검토 | N21: ='Checklist_2-4'!B11 -> 0
D22: • 배당금 텍사노미 검토 | N22: ='Checklist_2-5'!$B$11 -> 0
D23: • 평균유효세율 택사노미 검토 (분반기) | N23: ='Checklist_2-6'!$B$11 -> 0
B24: 3 | C24: 축-멤버 정합성 검토 | D24: • 표준 축-멤버 구조 정합성 | N24: ='Checklist_3-1'!B11 -> 0
D25: • 공시금액의 사용 적정성 | N25: ='Checklist_3-2'!B11 -> 0
B26: 4 | C26: 전용요소 사용 검토 | D26: • 현금흐름 관련 표 내에서 다른 요소 사용 | N26: ='Checklist_4-1'!B11 -> 0
D27: • 현금흐름 관련 표의 전용요소가 다른 표에서 사용 | N27: ='Checklist_4-2'!B11 -> 0
D28: • 판매관리비 관련 표내에서 다른 요소 사용 | N28: ='Checklist_4-3'!B11 -> 0
D29: • 판매비와관리비 관련 표의 전용요소가 다른 표에서 사용 | N29: ='Checklist_4-4'!B11 -> 0
D30: • 특수관계자 관련 표 내에서 다른 요소 사용 | N30: ='Checklist_4-5'!B11 -> 0
D31: • 특수관계자 관련 표의 전용요소가 다른 표에서 사용 | N31: ='Checklist_4-6'!B11 -> 0
B32: 5 | C32: 속성/데이터타입 검토 | D32: • Percent 소숫점 자리수 검토 | N32: ='Checklist_5-1'!B11 -> 0
D33: • 보유하는 주식수 속성 검토 | N33: ='Checklist_5-2'!B11 -> 0
D34: • 이연법인세부채(자산)은 텍사노미 및 부호 검토 | N34: ='Checklist_5-3'!B11 -> 0
D35: • 기본주당이익/희석주당이익 속성 검토 | N35: ='Checklist_5-4'!B11 -> 0
D36: • 기초/기말 영문명 검토 | N36: ='Checklist_5-5'!B11 -> 0
D37: • 단위미사용 검토 | N37: ='Checklist_5-6'!B11 -> 0
B38: 6 | C38: 확장 검토 | D38: • 축 확장 검토 | N38: ='Checklist_6-1'!B11 -> 0
D39: • 멤버 합계열 적절성 검토 | N39: ='Checklist_6-2'!B11 -> 0
D40: • Duration / Instant 속성 검토 | N40: ='Checklist_6-3'!B11 -> 0
D41: • negated 검토 | N41: ='Checklist_7-1'!B11 -> 0
B46: 7 | C46: 기타

Sheet Checklist_1-1
B2: 총액계정 사용 검토
B3: ※ XBRL Checklist 결과는 참고 목적으로 제공드리는 내역으로, 텍사노미 구조와 관련된 리뷰는 CoE 업무 Scope에 포함되지 않습니다.
L4: Reference - 금감원 가이드 86page
B11: =COUNTA(B14:B1048576) -> 0 | C11: 개 항목이 추출되었습니다.
B13: Role Definition | C13: TABLE NAME | D13: Prefix | E13: Name | F13: Label(KO) | G13: Label(EN) | H13: Label Role | I13: DataType | J13: Period

Sheet Checklist_1-2
B2: 초과적립액(과소적립액) 텍사노미 사용 검토
B3: ※ XBRL Checklist 결과는 참고 목적으로 제공드리는 내역으로, 텍사노미 구조와 관련된 리뷰는 CoE 업무 Scope에 포함되지 않습니다.
L4: Reference - 금감원 가이드 228page
B11: =COUNTA(B14:B1048576) -> 0 | C11: 개 항목이 추출되었습니다.
B13: Role Definition | C13: TABLE NAME | D13: Prefix | E13: Name | F13: Label(KO) | G13: Label(EN) | H13: Label Role | I13: DataType | J13: Period

Sheet Checklist_1-3
B2: 재고자산 세부내역 표 검토
B3: ※ XBRL Checklist 결과는 참고 목적으로 제공드리는 내역으로, 텍사노미 구조와 관련된 리뷰는 CoE 업무 Scope에 포함되지 않습니다.
B11: =COUNTA(B14:B1048576) -> 0 | C11: 개 항목이 추출되었습니다.
B13: Role Definition | C13: TABLE NAME | D13: Prefix | E13: Name | F13: Label(KO) | G13: Label(EN) | H13: Label Role | I13: DataType | J13: Period

Sheet Checklist_1-4
B2: 유동/비유동 축 검토
B3: ※ XBRL Checklist 결과는 참고 목적으로 제공드리는 내역으로, 텍사노미 구조와 관련된 리뷰는 CoE 업무 Scope에 포함되지 않습니다.
B11: =COUNTA(B14:B1048576) -> 0 | C11: 개 항목이 추출되었습니다.
B13: Role Definition | C13: TABLE NAME | D13: Prefix | E13: Name | F13: Label(KO) | G13: Label(EN) | H13: Label Role | I13: DataType | J13: Period

Sheet Checklist_2-1
B2: 만료 택사노미 검토 - 대손충당금
B3: ※ XBRL Checklist 결과는 참고 목적으로 제공드리는 내역으로, 텍사노미 구조와 관련된 리뷰는 CoE 업무 Scope에 포함되지 않습니다.
B11: =COUNTA(B14:B1048576) -> 0 | C11: 개 항목이 추출되었습니다.
B13: Role Definition | C13: TABLE NAME | D13: Prefix | E13: Name | F13: Label(KO) | G13: Label(EN) | H13: Label Role | I13: DataType | J13: Period

Sheet Checklist_2-2
B2: 만료 택사노미 검토 - 손상차손 축
B3: ※ XBRL Checklist 결과는 참고 목적으로 제공드리는 내역으로, 텍사노미 구조와 관련된 리뷰는 CoE 업무 Scope에 포함되지 않습니다.
B11: =COUNTA(B14:B1048576) -> 0 | C11: 개 항목이 추출되었습니다.
B13: Role Definition | C13: TABLE NAME | D13: Prefix | E13: Name | F13: Label(KO) | G13: Label(EN) | H13: Label Role | I13: DataType | J13: Period

Sheet Checklist_2-3
B2: 택사노미 검토 - 대출약정금액
B3: ※ XBRL Checklist 결과는 참고 목적으로 제공드리는 내역으로, 텍사노미 구조와 관련된 리뷰는 CoE 업무 Scope에 포함되지 않습니다.
B11: =COUNTA(B14:B1048576) -> 0 | C11: 개 항목이 추출되었습니다.
B13: Role Definition | C13: TABLE NAME | D13: Prefix | E13: Name | F13: Label(KO) | G13: Label(EN) | H13: Label Role | I13: DataType | J13: Period

Sheet Checklist_2-4
B2: 택사노미 검토 - 미착품
B3: ※ XBRL Checklist 결과는 참고 목적으로 제공드리는 내역으로, 텍사노미 구조와 관련된 리뷰는 CoE 업무 Scope에 포함되지 않습니다.
B11: =COUNTA(B14:B1048576) -> 0 | C11: 개 항목이 추출되었습니다.
B13: Role Definition | C13: TABLE NAME | D13: Prefix | E13: Name | F13: Label(KO) | G13: Label(EN) | H13: Label Role | I13: DataType | J13: Period

Sheet Checklist_2-5
B2: 택사노미 검토 - 배당금
B3: ※ XBRL Checklist 결과는 참고 목적으로 제공드리는 내역으로, 텍사노미 구조와 관련된 리뷰는 CoE 업무 Scope에 포함되지 않습니다.
B11: =COUNTA(B14:B1048576) -> 0 | C11: 개 항목이 추출되었습니다.
B13: Role Definition | C13: TABLE NAME | D13: Prefix | E13: Name | F13: Label(KO) | G13: Label(EN) | H13: Label Role | I13: DataType | J13: Period

Sheet Checklist_2-6
B2: 택사노미 검토 - 평균유효세율
B3: ※ XBRL Checklist 결과는 참고 목적으로 제공드리는 내역으로, 텍사노미 구조와 관련된 리뷰는 CoE 업무 Scope에 포함되지 않습니다.
B11: =COUNTA(B14:B1048576) -> 0 | C11: 개 항목이 추출되었습니다.
B13: Role Definition | C13: TABLE NAME | D13: Prefix | E13: Name | F13: Label(KO) | G13: Label(EN) | H13: Label Role | I13: DataType | J13: Period

Sheet Checklist_3-1
B2: 축-멤버 구조 정합성 검토
B3: ※ XBRL Checklist 결과는 참고 목적으로 제공드리는 내역으로, 텍사노미 구조와 관련된 리뷰는 CoE 업무 Scope에 포함되지 않습니다.
B11: =COUNTA(B14:B1048576) -> 0 | C11: 개 항목이 추출되었습니다.
B13: Role Definition | C13: TABLE NAME | D13: Prefix | E13: Name | F13: Label(KO) | G13: Label(EN) | H13: Label Role | I13: DataType | J13: Period

Sheet Checklist_3-2
B2: 공시금액의 사용 적정성 검토
B3: ※ XBRL Checklist 결과는 참고 목적으로 제공드리는 내역으로, 텍사노미 구조와 관련된 리뷰는 CoE 업무 Scope에 포함되지 않습니다.
L4: Reference - 금감원 가이드 137page
B11: =COUNTA(B14:B1048576) -> 0 | C11: 개 항목이 추출되었습니다.
B13: Role Definition | C13: TABLE NAME | D13: Prefix | E13: Name | F13: Label(KO) | G13: Label(EN) | H13: Label Role | I13: DataType | J13: Period

Sheet Checklist_4-1
B2: 현금흐름표 관련 전용요소 검토 (1)
B3: ※ XBRL Checklist 결과는 참고 목적으로 제공드리는 내역으로, 텍사노미 구조와 관련된 리뷰는 CoE 업무 Scope에 포함되지 않습니다.
L4: Reference - 금감원 가이드 158page
B11: =COUNTA(B14:B1048576) -> 0 | C11: 개 항목이 추출되었습니다.
B13: Role Definition | C13: TABLE NAME | D13: Prefix | E13: Name | F13: Label(KO) | G13: Label(EN) | H13: Label Role | I13: DataType | J13: Period

Sheet Checklist_4-2
B2: 현금흐름표 관련 전용요소 검토 (2)
B3: ※ XBRL Checklist 결과는 참고 목적으로 제공드리는 내역으로, 텍사노미 구조와 관련된 리뷰는 CoE 업무 Scope에 포함되지 않습니다.
B11: =COUNTA(B14:B1048576) -> 0 | C11: 개 항목이 추출되었습니다.
B13: Role Definition | C13: TABLE NAME | D13: Prefix | E13: Name | F13: Label(KO) | G13: Label(EN) | H13: Label Role | I13: DataType | J13: Period

Sheet Checklist_4-3
B2: 판매비와관리비 관련 전용요소 검토 (1)
B3: ※ XBRL Checklist 결과는 참고 목적으로 제공드리는 내역으로, 텍사노미 구조와 관련된 리뷰는 CoE 업무 Scope에 포함되지 않습니다.
L4: Reference - 금감원 가이드 157page
B11: =COUNTA(B14:B1048576) -> 0 | C11: 개 항목이 추출되었습니다.
B13: Role Definition | C13: TABLE NAME | D13: Prefix | E13: Name | F13: Label(KO) | G13: Label(EN) | H13: Label Role | I13: DataType | J13: Period

Sheet Checklist_4-4
B2: 판매비와관리비 관련 전용요소 검토 (2)
B3: ※ XBRL Checklist 결과는 참고 목적으로 제공드리는 내역으로, 텍사노미 구조와 관련된 리뷰는 CoE 업무 Scope에 포함되지 않습니다.
B11: =COUNTA(B14:B1048576) -> 0 | C11: 개 항목이 추출되었습니다.
B13: Role Definition | C13: TABLE NAME | D13: Prefix | E13: Name | F13: Label(KO) | G13: Label(EN) | H13: Label Role | I13: DataType | J13: Period

Sheet Checklist_4-5
B2: 특수관계자 관련 전용요소 검토 (1)
B3: ※ XBRL Checklist 결과는 참고 목적으로 제공드리는 내역으로, 텍사노미 구조와 관련된 리뷰는 CoE 업무 Scope에 포함되지 않습니다. | L3: Reference - 금감원 가이드 158page
B11: =COUNTA(B14:B1048576) -> 0 | C11: 개 항목이 추출되었습니다.
B13: Role Definition | C13: TABLE NAME | D13: Prefix | E13: Name | F13: Label(KO) | G13: Label(EN) | H13: Label Role | I13: DataType | J13: Period

Sheet Checklist_4-6
B2: 특수관계자 관련 전용요소 검토 (2)
B3: ※ XBRL Checklist 결과는 참고 목적으로 제공드리는 내역으로, 텍사노미 구조와 관련된 리뷰는 CoE 업무 Scope에 포함되지 않습니다.
B11: =COUNTA(B14:B1048576) -> 0 | C11: 개 항목이 추출되었습니다.
B13: Role Definition | C13: TABLE NAME | D13: Prefix | E13: Name | F13: Label(KO) | G13: Label(EN) | H13: Label Role | I13: DataType | J13: Period

Sheet Checklist_5-1
B2: 이자율, 할인율 속성 검토
B3: ※ XBRL Checklist 결과는 참고 목적으로 제공드리는 내역으로, 텍사노미 구조와 관련된 리뷰는 CoE 업무 Scope에 포함되지 않습니다.
L4: Reference - 금감원 가이드 151page
B11: =COUNTA(B14:B1048576) -> 0 | C11: 개 항목이 추출되었습니다.
B13: Role Definition | C13: TABLE NAME | D13: Prefix | E13: Name | F13: Label(KO) | G13: Label(EN) | H13: Label Role | I13: DataType | J13: Period

Sheet Checklist_5-2
B2: 주식 수 속성 검토
B3: ※ XBRL Checklist 결과는 참고 목적으로 제공드리는 내역으로, 텍사노미 구조와 관련된 리뷰는 CoE 업무 Scope에 포함되지 않습니다.
L4: Reference - 금감원 가이드 151page
B11: =COUNTA(B14:B1048576) -> 0 | C11: 개 항목이 추출되었습니다.
B13: Role Definition | C13: TABLE NAME | D13: Prefix | E13: Name | F13: Label(KO) | G13: Label(EN) | H13: Label Role | I13: DataType | J13: Period

Sheet Checklist_5-3
B2: 이연법인세부채(자산) 검토
B3: ※ XBRL Checklist 결과는 참고 목적으로 제공드리는 내역으로, 텍사노미 구조와 관련된 리뷰는 CoE 업무 Scope에 포함되지 않습니다.
L4: Reference - 금감원 가이드 253page
B11: =COUNTA(B14:B1048576) -> 0 | C11: 개 항목이 추출되었습니다.
B13: Role Definition | C13: TABLE NAME | D13: Prefix | E13: Name | F13: Label(KO) | G13: Label(EN) | H13: Label Role | I13: DataType | J13: Period

Sheet Checklist_5-4
B2: 기본주당이익/희석주당이익 속성 검토
B3: ※ XBRL Checklist 결과는 참고 목적으로 제공드리는 내역으로, 텍사노미 구조와 관련된 리뷰는 CoE 업무 Scope에 포함되지 않습니다.
L4: Reference - 금감원 가이드 259page
B11: =COUNTA(B14:B1048576) -> 0 | C11: 개 항목이 추출되었습니다.
B13: Role Definition | C13: TABLE NAME | D13: Prefix | E13: Name | F13: Label(KO) | G13: Label(EN) | H13: Label Role | I13: DataType | J13: Period

Sheet Checklist_5-5
B2: 기초/기말 영문명 검토
B3: ※ XBRL Checklist 결과는 참고 목적으로 제공드리는 내역으로, 텍사노미 구조와 관련된 리뷰는 CoE 업무 Scope에 포함되지 않습니다.
B11: =COUNTA(B14:B1048576) -> 0 | C11: 개 항목이 추출되었습니다.
B13: Role Definition | C13: TABLE NAME | D13: Prefix | E13: Name | F13: Label(KO) | G13: Label(EN) | H13: Label Role | I13: DataType | J13: Period

Sheet Checklist_5-6
B2: 단위미사용 검토
B3: ※ XBRL Checklist 결과는 참고 목적으로 제공드리는 내역으로, 텍사노미 구조와 관련된 리뷰는 CoE 업무 Scope에 포함되지 않습니다.
B11: =COUNTA(B14:B1048576) -> 0 | C11: 개 항목이 추출되었습니다.
B13: Role Definition | C13: TABLE NAME | D13: 단위표시/미표시

Sheet Checklist_6-1
B2: 축 확장 검토
B3: ※ XBRL Checklist 결과는 참고 목적으로 제공드리는 내역으로, 텍사노미 구조와 관련된 리뷰는 CoE 업무 Scope에 포함되지 않습니다.
B11: =COUNTA(B14:B1048576) -> 0 | C11: 개 항목이 추출되었습니다.
B13: Role Definition | C13: TABLE NAME | D13: Prefix | E13: Name | F13: Label(KO) | G13: Label(EN) | H13: Label Role | I13: DataType | J13: Period

Sheet Checklist_6-2
B2: 멤버열 확장 검토
B3: ※ XBRL Checklist 결과는 참고 목적으로 제공드리는 내역으로, 텍사노미 구조와 관련된 리뷰는 CoE 업무 Scope에 포함되지 않습니다.
B11: =COUNTA(B14:B1048576) -> 0 | C11: 개 항목이 추출되었습니다.
B13: Role Definition | C13: TABLE NAME | D13: Prefix | E13: Name | F13: Label(KO) | G13: Label(EN) | H13: Label Role | I13: DataType | J13: Period

Sheet Checklist_6-3
B2: Duration / Instant 속성 검토
B3: ※ XBRL Checklist 결과는 참고 목적으로 제공드리는 내역으로, 텍사노미 구조와 관련된 리뷰는 CoE 업무 Scope에 포함되지 않습니다.
B11: =COUNTA(B14:B1048576) -> 0 | C11: 개 항목이 추출되었습니다.
B13: Role Definition | C13: TABLE NAME | D13: Prefix | E13: Name | F13: Label(KO) | G13: Label(EN) | H13: Label Role | I13: DataType | J13: Period

Sheet Checklist_7-1
B2: Negate 검토
B3: ※ XBRL Checklist 결과는 참고 목적으로 제공드리는 내역으로, 텍사노미 구조와 관련된 리뷰는 CoE 업무 Scope에 포함되지 않습니다.
B11: =COUNTA(B14:B1048576) -> 0 | C11: 개 항목이 추출되었습니다.
B13: Role Definition | C13: TABLE NAME | D13: Prefix | E13: Name | F13: Label(KO) | G13: Label(EN) | H13: Label Role | I13: DataType | J13: Period | K13: Negate_표준 | L13: Negate_사용자지정
